code,imageUrl,linkURL,width,height,style
GC2B231,https://s3.amazonaws.com/gs-geo-images/293b150c-056c-45ce-835e-050d170f3c8f.png,,240,320,
GC2F7A7,https://s3.amazonaws.com/gs-geo-images/81407b33-cb2d-4cfa-ba98-00a444cb0b12.jpg,,300,200,
GC303AM,https://s3.amazonaws.com/gs-geo-images/c6d777b6-4a44-4d85-9e7c-c7d7d13389bf.gif,,400,200,
GC34P7Z,https://d1u1p2xjjiahg3.cloudfront.net/0fbbb2e5-b688-40e1-9063-cecd8c3614e5_l.jpg,,,,
GC3CR0B,https://s3.amazonaws.com/gs-geo-images/01ad129f-dc0f-434e-bc15-d558ed8fb515_l.jpg,,,,
GC3FH0Z,https://img.geocaching.com/user/fd82126c-db74-4598-a7d5-5f01269d24ed.jpg,,378,189,
GC3HVC0,https://imgcdn.geocaching.com/user/4fe4630e-1080-4774-bd01-35abb3608255.jpg,,,,
GC3NFCY,https://s3.amazonaws.com/gs-geo-images/70ecb211-f5e1-4f86-959e-fcec3dfe4b9e.jpg,,,,
GC3RDGW,https://img.geocaching.com/user/898ebecb-5541-4c3b-9579-c062284b8356.jpg,,,,
GC3W4VJ,https://s3.amazonaws.com/gs-geo-images/643214d9-84f5-4375-b236-b97468376a1e_l.jpg,,,,
GC3X2KT,https://s3.amazonaws.com/gs-geo-images/c44a327a-1dc0-4245-a057-70c10fb36c25.jpg,,230,142,
GC45BET,https://s3.amazonaws.com/gs-geo-images/2cbf958e-7944-45c4-b898-f6b28c0092a6_l.jpg,,,,
GC45BF2,https://s3.amazonaws.com/gs-geo-images/2e32a51d-6514-4088-9a85-a4e1e892cdfa.jpg,,,,
GC468GJ,http://abload.de/img/banner-horror8okng.jpg,,180,,
GC48B12,https://s3.amazonaws.com/gs-geo-images/f4485b38-455a-4cf7-969f-1bb5d91ad354_l.jpg,,,,
GC48D69,http://andrekon.de/schachtmeister/banner_muessmannhaus.png,,,,
GC4CKBV,https://img.geocaching.com/user/3753ca15-e83d-4f70-9977-6e6bcf664147.jpg,,378,190,
GC4CZX1,https://d1u1p2xjjiahg3.cloudfront.net/fb779463-4d2b-4e6c-9e7c-e19c67d70486_l.jpg,,350,150,
GC4DNMW,https://s3.amazonaws.com/gs-geo-images/29e60f5c-b400-4258-802e-3041ede4b714.jpg,,178,182,
GC4JBKK,https://img.geocaching.com/user/57876855-be93-4e8d-9730-f6a92430eac9.jpg,,,,
GC4M5ME,https://imgcdn.geocaching.com/cache/large/2a47dc36-fcfa-4ce1-9d2e-9108f3595e02.jpg,,336,250,
GC4QPCZ,http://u.jimdo.com/www27/o/s3a69be16935752ed/img/ie7656f42f2591325/1382396054/std/image.jpg,,,,
GC4YJ6F,https://d1u1p2xjjiahg3.cloudfront.net/be52212c-c33e-49cc-b8af-bc2e9a995cf9_l.jpg,,100,,
GC4YYYY,https://s3.amazonaws.com/gs-geo-images/e7fa2a37-90af-499e-9ea7-5d07f16120a7.png,,,,
GC4ZH0D,https://s3.amazonaws.com/gs-geo-images/4e95f38f-d143-4894-b01b-e1bd02c58888.jpg,,474,311,
GC4ZR58,https://lh3.googleusercontent.com/-5nSHZsCdZBM/VcsSfkJwVZI/AAAAAAAAB3Q/GIURB_xvbCg/s800-Ic42/Automat_standard.png,,400,436,
GC50QG0,https://imgcdn.geocaching.com/cache/large/f0893091-44bf-43fa-aa79-cba2e60e5d84.gif,,300,225,
GC513V7,https://img.geocaching.com/cache/large/648f990a-5068-4fe8-884c-d18317dfda3b.jpg,,365,227,
GC52ETJ,https://s3.amazonaws.com/gs-geo-images/91880023-0783-45e5-a78b-7b13e38dadb7_l.jpg,,,,
GC539HW,https://d1u1p2xjjiahg3.cloudfront.net/2a729fe8-a19a-4c50-9b9b-2abe9163d364_l.jpg,,350,150,
GC54JB9,http://www.asamnet.de/~rouebler/Lilie-kleiner.gif,,350,,
GC578VW,https://s3.amazonaws.com/gs-geo-images/c8bc04e6-f0e5-4522-8880-6346c9657336.gif,,,,
GC5B1EM,https://s3.amazonaws.com/gs-geo-images/88091d6e-bdd1-425f-a503-b3395a5c8f69_l.jpg,,,,
GC5B3BV,https://imgcdn.geocaching.com/cache/large/40bb1969-372b-4201-acf5-4557b34b8366.jpg,,,,
GC5EDGA,https://s3.amazonaws.com/gs-geo-images/b163492f-90ae-48a7-86b3-fca77f4f5909_l.jpg,,,,
GC5EFEP,https://imgcdn.geocaching.com/cache/large/ed7c747e-958b-475f-8c55-117cecbfa303.jpg,,400,200,0
GC5F31F,http://www.teamlockentoni.de/GC-Bilder/Bernstein/GCBanner.jpg,,399,256,
GC5JP6H,https://img.geocaching.com/cache/large/41b74b43-5ee4-495a-9cea-eb0d62bd3715.jpg,,365,,
GC5N21N,https://d1u1p2xjjiahg3.cloudfront.net/39e03bd6-bf9b-402d-b7fa-3d681ea10a97_l.jpg,,200,,
GC5R04D,https://s3.amazonaws.com/gs-geo-images/99f2a857-4883-45f1-9015-cc64ceea4e9b_l.jpg,,,,
GC5T32P,https://s3.amazonaws.com/gs-geo-images/661b1515-5d84-4587-9b50-658c0d610d72.gif,,400,312,
GC5YA0B,https://s3.amazonaws.com/gs-geo-images/9a7c6ad0-1ec3-4568-bf10-fdde38a3d69d.gif,,,,
GC5Z5WT,https://d1u1p2xjjiahg3.cloudfront.net/c283ec86-5878-4159-b111-871013a603d4_l.jpg,,420,250,
GC616XZ,https://d1u1p2xjjiahg3.cloudfront.net/74af5416-9255-4c92-8b53-84874b11063c_l.jpg,,297,321,
GC61ZYZ,http://thegreentool.yeswecache.de/gcimages/badge_durseyisland.jpg,,,,
GC62BM6,https://d1u1p2xjjiahg3.cloudfront.net/b5a56e0f-705e-43d1-8d54-0bb8fea0428f_l.jpg,,330,380,
GC65T4V,https://s3.amazonaws.com/gs-geo-images/3a091e95-006e-4e13-b031-d6c843f2c889.png,,,,
GC66XA0,https://img.geocaching.com/cache/large/e0747ef3-32a8-43a6-94e1-b4a788ac149f.jpg,,,,
GC6787M,https://s3.amazonaws.com/gs-geo-images/0c937722-4ca9-4a62-85b8-946e18de809c.jpg,,229,,
GC68EVA,https://dl.dropbox.com/s/5epxzw7agndv15k/Banner_GC68EVA.gif,,400,243,
GC695PX,https://s3.amazonaws.com/gs-geo-images/c4ddb81f-3ffe-404d-8521-12712590e8b2.gif,,,,
GC6B4R1,http://fs5.directupload.net/images/user/160210/ylfqxuph.jpg,,206,140,
GC6BE5N,http://hotbina.de/listings/GC6BE5N/banner.png,,,110,
GC6EKTE,https://s3.amazonaws.com/gs-geo-images/b83a20a1-25b1-4aa9-b907-f67259e49da3.gif,,461,248,
GC6G8WM,https://img.geocaching.com/cache/large/1e7b0121-931c-4085-9840-4091e524d9a5.jpg,,300,,
GC6GCRM,http://banner.13er.eu/banner.php?Code=LSDMKO7U6,,250,,
GC6HRH6,http://fs5.directupload.net/images/160614/e8mr3xwx.png,,300,180,
GC6M75C,http://fs5.directupload.net/images/160821/8cm9837m.gif,,,,
GC6MEGA,https://s3.amazonaws.com/gs-geo-images/9a13f4f1-7f29-4952-ad2e-40eda404c764.png,,,,
GC6R2Y8,https://img.geocaching.com/cache/large/efce10fc-9597-4447-9c24-dd130377e2f8.png,,300px,300px,
GC6X32H,https://s3.amazonaws.com/gs-geo-images/54537566-f4ab-495e-9ead-5902afef99b4_l.jpg,,461,248,
GC6X42E,https://s3.amazonaws.com/gs-geo-images/1daf7f54-8ed4-43cb-b4b1-67d36c92f91c.jpg,https://www.geocaching.com/bookmarks/view.aspx?guid=d4f8c072-c09a-45a6-b10b-fbb1d150402b,,175,
GC6Z4NP,https://s3.amazonaws.com/gs-geo-images/5109aa95-4397-48c7-827f-4b0f9d8c91eb.jpg,,380,240,
GC6Z7XF,https://s3.amazonaws.com/gs-geo-images/bf2e99dd-60d2-4587-adb5-f926b5c7642e.png,,380,240,
GC73A1D,http://geocaching.kuburu.de/brba/banner.gif,,,,
GC74447,https://s3.amazonaws.com/gs-geo-images/ca1d1a28-6a9a-4f9d-a1fc-c42b47b8a64d.jpg,,639,338,
GC77777,https://gc77777.de/wp-content/uploads/2018/05/WILL%20ATTEND.png,,400px,,
GC7B8Q8,https://s3.amazonaws.com/gs-geo-images/5a6843ca-efd7-44a2-af4b-265de1bcfd01.jpg,,400,225,
GC7GPRJ,https://img.geocaching.com/cache/38c10ebf-d994-4825-8faf-c392d2df70a9.jpg,,300,,
GC7H5HX,https://s3.amazonaws.com/gs-geo-images/0fc40158-469d-4616-9b3e-c1a4584ab219.jpg,,300,152,
GC7N893,https://s3.amazonaws.com/gs-geo-images/9ce04c5f-ff87-484e-aa3a-876b009af7bb.jpg,,400,200,
GCGNF3,https://s3.amazonaws.com/gs-geo-images/3b25ab37-d601-472e-825c-aa2ea95eafc8.gif,,,,